{
    "item_id" : 14314312,
    "message_count" : 10,
    "date" : "20220915215555",
    "message-list" : 
        [
            {
                "user_id":341234123,
                "user_name":"Bob",
                "user_icon":"NoImage",
                "date" : "20220915215551",
                "message" : "Hi"
            },
            {
                "user_id":341234144,
                "user_name":"Mike",
                "user_icon":"NoImage",
                "date" : "20220915215752",
                "message" : "Hi there Asadfajsdhfjkasdhfkasdjklfjsadklfjasdkljfkladsjfklsadjf"
            },
            {
                "user_id":500,
                "user_name":"Cobra",
                "user_icon":"NoImage",
                "date" : "20220915215954",
                "message" : "hello"
            },
            {
                "user_id":3412341466,
                "user_name":"解体人形ジェニー",
                "user_icon":"NoImage",
                "date" : "20220915215954",
                "message" : "こんにちは"
            },
            {
                "user_id":3412341466,
                "user_name":"judgement-chain",
                "user_icon":"NoImage",
                "date" : "20220915215954",
                "message" : "RED EYE"
            },
            {
                "user_id":3412341466,
                "user_name":"NoName",
                "user_icon":"NoImage",
                "date" : "20220915215954",
                "message" : "俺の両手はマシンガンです"
            },
            {
                "user_id":3412341466,
                "user_name":"TUBE-ｲﾅﾑﾗ",
                "user_icon":"NoImage",
                "date" : "20220915215954",
                "message" : "王になりてぇ〜"
            },
            {
                "user_id":3412341466,
                "user_name":"SuperSpark",
                "user_icon":"NoImage",
                "date" : "20220915215954",
                "message" : "hello"
            }
            
        ]
}

